DIRECTOR,COMPANY, PERCENTAGE OF SHARES
A RAZAK RAMLI,HONG LEONG BANK BHD,
A RAZAK RAMLI,LAFARGE M BHD,
A RAZAK RAMLI,SHANGRI LA HOTELS M BHD,
AB HALIM MOHYIDDIN,DIGI DOT COM BHD,
AB HALIM MOHYIDDIN,PETRONAS GAS BHD,
ABD HAPIZ ABDULLAH,PETRONAS CHEMICALS GROUP BHD,
ABD MALIK A RAHMAN,AFFIN HOLDINGS BHD,
ABD MANAF HASHIM,TENAGA NASIONAL BHD,
ABDEL AZIZ ABU BAKAR,AIRASIA BHD,0.01
ABDUL AZEEZ ABDUL RAHIM,TABUNG HAJI,
ABDUL AZIZ HASAN,HAP SENG CONSOLIDATED BHD,
ABDUL AZIZ ISHAK,DAYANG ENTERPRISE HOLDINGS BHD,0.03
ABDUL AZIZ OMAR,PUBLIC BANK BHD,0.002
ABDUL AZIZ OMAR ,LPI CAPITAL BHD,0.29
ABDUL AZIZ SALIM,GAMUDA BHD,
ABDUL FARID ALIAS,MAYBANK BANKING BHD,
ABDUL GHANI ABDULLAH,GENTING PLANTATIONS BHD,
ABDUL GHANI OTHMAN,SIME DARBY BHD,
ABDUL HALIM ALI,IJM CORPORATION BHD,
ABDUL HALIM ALI,MALAYSIA BUILDING SOCIETY BHD,0.003
ABDUL HAMID SH MOHAMED,MMC CORPORATION BHD,
ABDUL HAMID SH MOHAMED,POS MALAYSIA BHD,
ABDUL KADIR MOHD DEEN,MEDIA PRIMA BHD,
ABDUL RAHIM ABU BAKAR,TELEKOM M BHD,
ABDUL RAHIM ABU BAKAR,WESTPORTS M SDN BHD,0.03
ABDUL RAHIM ADBUL HAMID,AEON COMPANY M BHD,
ABDUL RAHIM DIN,BERJAYA CORPORATION BHD,0.0008
ABDUL RAHMAN AHMAD,AXIATA GROUP BHD,
ABDUL RAHMAN AHMAD,FELDA GLOBAL VENTURES HOLDINGS BHD,
ABDUL RAHMAN MAMAT,PARKSON HOLDINGS BHD,
ABDUL RAHMAN MOHD RAMLI,DRB HICOM BHD,
ABDUL RAHMAN MOHD RAMLI,KUALA LUMPUR KEPONG BHD,
ABDULLAH MOHD YUSOF,AEON COMPANY M BHD,0.15
ABDULLAH MOHD YUSOF,MMC CORPORATION BHD,
ABU BAKAR SULEIMAN,IHH HEALTHCARE BHD,0.04
ABU TALIB OTHMAN,IGB CORPORATION BHD,0.1
ADBUL SAMAD ALIAS,BURSA MALAYSIA,
ADNAN PAWANTEH,NESTLE M BHD,
ADRIAN BRIAN LAM,GAMUDA BHD,0.004
ADRIAN DAVID LI MAN KIU,AFFIN HOLDINGS BHD,
AFIFUDDIN ABDUL KADIR,UMW OIL AND GAS CORPORATION BHD,
AFWIDA A MALEK,GAMUDA BHD,
AHAMAD MOHAMAD,KPJ HEALTHCARE BHD,0.01
AHAMAD MOHAMAD,KULIM M BHD,
AHMAD ABD TALIB,MEDIA PRIMA BHD,0.01
AHMAD ALWEE ALSREE,CAHYA MATA SARAWAK BHD,
AHMAD FAZLI ABU BAKAR,AEON COMPANY M BHD,
AHMAD FUAAD MOHD DAHALAN,HONG LEONG CAPITAL BHD,
AHMAD FUAAD MOHD KENALI,POS MALAYSIA BHD,
AHMAD JAUHARI YAHYA,MALAYSIAN AIRLINE SYSTEM BHD,
AHMAD JOHARI ADBUL RAZAK,BRITISH AMERICAN TOBACCO M BHD,
AHMAD MOHD DON,SUNWAY REAL ESTATE INVESTMENT TRUST MANAGEMENT SDN BHD,
AHMAD RITHAUDDEEN ISMAIL,ORIENTAL HOLDINGS BHD,
AHMAD RIZA BASIR,PPB GROUP BHD,
AHMAD RIZA BASIR,UNITED PLANTATIONS BHD,0.03
AHMAD SARJI ABDUL HAMID,PNB,
AHMAD SHAHIZAM MOHD SHARIFF,IHH HEALTHCARE BHD,0.02
AHMAD SUFIAN ABDUL RASHID,PPB GROUP BHD,
AHMAD TAJUDDIN ALI,UEM SUNRISE BHD,
AIDA AZIZA MOHD JAMALUDIN,GAS MALAYSIA BHD,
AIREEN OMAR,AIRASIA BHD,
AISHAH ONG,NESTLE M BHD,
ALAN CHARLES WINDUSS,UOA DEVELOPMENT BHD,0.008
ALAUDDIN MOHD SHERIFF,AFFIN HOLDINGS BHD,
ALEXANA ELISABETH JOHANNA MARIA SCHAAPVELD,BUMI ARMADA BHD,0.02
ALI ADAI,DAYANG ENTERPRISE HOLDINGS BHD,
ALI HAMSA,BINTULUPORT HOLDINGS BHD,
ALI HAMSA,PNB,
ALI REDHAUDDIN MUHRIZ,BUMI ARMADA BHD,0.0004
ALISTAIR MARSHALL BULLOCH,AMMB HOLDINGS BHD,
ALOIS HOFBAUER,NESTLE M BHD,
ALVIN MICHAEL HEW THAI KHEAM,MAXIS BHD,
ALWI JANTAN,GENTING M BHD,0.0215
ALWI JANTAN,UOA DEVELOPMENT BHD,0.05
AMAN AHMAD,AFFIN HOLDINGS BHD,
AMAR HAMID BUGO,SAPURAKENCANA PETROLEUM BHD,0.004
AMAR HAMID BUGO,SIME DARBY BHD,
AMAR MOHAMAD MORSHIDI ABDUL GHANI,MALAYSIAN AIRLINE SYSTEM BHD,
AMAR MOHAMAD MORSHIDI ABDUL GHANI,EPF,
AMINUDIN DAWAM,KPJ HEALTHCARE BHD,
AMIRUDDIN ABDUL SATAR,KPJ HEALTHCARE BHD,0.0006
AMRIN AWALUDDIN,MEDIA PRIMA BHD,
ANDREAS MICHAEL THOMPSON,BRITISH AMERICAN TOBACCO M BHD,
ANDREW PHILIP WHITTLE,BUMI ARMADA BHD,0.01
ANTHONY CHEONG FOOK SENG,FRASER AND NEAVE HOLDINGS BHD,
ANTHONY FRANCIS FERNANDES,AIR ASIA X BHD,0.06
ANTHONY FRANCIS FERNANDES,AIRASIA BHD,1.49
ANUAR ABU HASSAN,MSM MALAYSIA HOLDINGS BHD,
ANUAR AHMAD,PETRONAS GAS BHD,
ANWARRUDIN AHAMAD OSMAN ,FRASER AND NEAVE HOLDINGS BHD,
ARIS OTHMAN,YTL POWER INTERNATIONAL BHD,
ARIS OTHMAN,AMMB HOLDINGS BHD,
ARSHAD AYUB,KULIM M BHD,
ARSHAD AYUB,TOP GLOVE CORPORATION BHD,0.19
ARSHAD HASHIM,BINTULUPORT HOLDINGS BHD,
ARSHAD UDA,MAXIS BHD,0.01
ARSHAD UDA,KHAZANAH,
ARTHUR LI KWOK CHEUNG,AFFIN HOLDINGS BHD,
ASHER NOOR,AIR ASIA X BHD,
ASHOK RAMAMURTHY,AMMB HOLDINGS BHD,0.01
ASMAT KAMALUDIN,AIR ASIA X BHD,0.42
ASMAT KAMALUDIN,UMW HOLDINGS BHD,
ASMAT KAMALUDIN,UMW OIL AND GAS CORPORATION BHD,
ASMAT KAMALUDIN,PNB,
AUDREY LIM SUAN IMM,AEON COMPANY M BHD,
AUGUSTUS RALPH MARSHALL,ASTRO M HOLDINGS BHD,
AUGUSTUS RALPH MARSHALL,KLCCP HOLDINGS BHD,0.003
AUGUSTUS RALPH MARSHALL,MAXIS BHD,0.01
AW HONG BOO,MALAYSIA BUILDING SOCIETY BHD,
AZLAN HASHIM,AMMB HOLDINGS BHD,0.01
AZLAN HASHIM,IHH HEALTHCARE BHD,
AZLAN HASHIM,KHAZANAH,
AZLAN MEAH AHMED MEAH,BERJAYA CORPORATION BHD,
AZLAN MOHD ZAINOL,KUALA LUMPUR KEPONG BHD,
AZLAN MOHD ZAINOL,RHB CAPITAL BHD,
AZLAN SHAH JAFFRIL,DAYANG ENTERPRISE HOLDINGS BHD,
AZMAN HASHIM,AMMB HOLDINGS BHD,
AZMAN MOHD TASEC NOMINEES TEMPATAN SDN BHD,TENAGA NASIONAL BHD,
AZMAN MOKHTAR,AXIATA GROUP BHD,
AZMAN MOKHTAR,KHAZANAH,
AZMI MAT NOR,GAMUDA BHD,0.02
AZMI MOHD ALI,SIME DARBY BHD,
AZMIL ZAHRUDDIN RAJA ABDUL AZIZ,IHH HEALTHCARE BHD,
AZZAT KAMALUDIN,AXIATA GROUP BHD,
AZZAT KAMALUDIN,BOUSTEAD HOLDINGS BHD,0.004
AZZAT KAMALUDIN,KPJ HEALTHCARE BHD,0.02
BADLISHAH ANNUAR,AEON COMPANY M BHD,
BASHIR AHMAD ABDUL MAJID,MALAYSIA AIRPORTS HOLDINGS BHD,
BAZLAN OSMAN,TELEKOM M BHD,
BELLA ANN ALMEIDA,AXIATA GROUP BHD,
BENDAHARA PERLIS SYED BADARUDIN ,FRASER AND NEAVE HOLDINGS BHD,0.565
BERNARD ANTHONY CRAGG,ASTRO M HOLDINGS BHD,
BERNARD RENE FRANCOIS DI TULLIO,MALAYSIA MARINE AND HEAVY ENGINEERING HOLDINGS BHD,
BOEY TAK KONG,DUTCH LADY MILK INDUSTRIES BHD,
BRADLEY MULRONEY,LAFARGE M BHD,
CARL BEK NIELSEN,UNITED PLANTATIONS BHD,1.05
CHAN CHEE BENG,BUMI ARMADA BHD,0.03
CHAN CHEE BENG,MAXIS BHD,0.01
CHAN CHOON NGAI,BRITISH AMERICAN TOBACCO M BHD,
CHAN CHU WEI,WESTPORTS M SDN BHD,0.03
CHAN KIEN SING,BERJAYA CORPORATION BHD,0.001
CHAN KIEN SING,BERJAYA SPORTS TOTO BHD,0.0002
CHAN KONG WAH,GAMUDA BHD,0.02
CHAN LUI MING IVAN,KECK SENG M BHD,0.03
CHAN YEW KAI,DIALOG GROUP BHD,0.34
CHANG SEE HIANG,IHH HEALTHCARE BHD,0.001
CHARLES TSENG CHIA CHUN,AEON COMPANY M BHD,
CHAY WAI LEONG,BURSA MALAYSIA,
CHE KHALIB MOHAMAD NOH,GAS MALAYSIA BHD,
CHE KHALIB MOHAMAD NOH,MMC CORPORATION BHD,
CHE LODIN WOK KAMARUDDIN,AFFIN HOLDINGS BHD,
CHE LODIN WOK KAMARUDDIN,BOUSTEAD HOLDINGS BHD,2.73
CHE LODIN WOK KAMARUDDIN,LTAT,
CHEAH JUW TECK,QL RESOURCES BHD,0.17
CHEAH TEIK SENG,MAYBANK BANKING BHD,
CHEAH TEIK SENG,KWAP,
CHEAH TEK KUANG,BERJAYA SPORTS TOTO BHD,
CHEAH TEK KUANG,IOI CORPORATION BHD,
CHEAH TEK KUANG,UMW OIL AND GAS CORPORATION BHD,
CHEN THENG AIK,LAFARGE M BHD,
CHENG SIN YENG,PARKSON HOLDINGS BHD,
CHEW CHIN KIN,SUNWAY BHD,0.19
CHEW ENG KAR,DIALOG GROUP BHD,0.12
CHEW SIEW YENG,TSH RESOURCES BHD,
CHIA CHU FATT,DAYANG ENTERPRISE HOLDINGS BHD,0.02
CHIA MAK HOOI,QL RESOURCES BHD,0.06
CHIA SEONG FATT,QL RESOURCES BHD,0.04
CHIA SEONG POW,QL RESOURCES BHD,0.23
CHIA SONG KOOI,QL RESOURCES BHD,0.07
CHIA SONG KUN,QL RESOURCES BHD,0.05
CHIA SONG SWA,QL RESOURCES BHD,0.05
CHIENG ING HUONG EDDY,QL RESOURCES BHD,
CHIN KWAI YOONG,ASTRO M HOLDINGS BHD,
CHIN KWAI YOONG,FRASER AND NEAVE HOLDINGS BHD,
CHIN KWAI YOONG,GENTING BHD,
CHING YEW CHYE,GENTING PLANTATIONS BHD,
CHING YEW CHYE,PETRONAS CHEMICALS GROUP BHD,
CHOO CHUO SIONG,PAVILION REAL ESTATE INVESTMENT TRUST MANAGEMENT SDN BHD,
CHOO TAY SIAN KENNETH,GUINNESS ANCHOR BHD,
CHOONG YEE HOW,HONG LEONG BANK BHD,
CHOONG YEE HOW,HONG LEONG CAPITAL BHD,
CHOONG YEE HOW,HONG LEONG FINANCIAL GROUP BHD,
CHOW CHEE WAH,GAMUDA BHD,0.02
CHOY KHAI CHOON,MALAYSIA MARINE AND HEAVY ENGINEERING HOLDINGS BHD,
CHRISTIAN HERRAULT,LAFARGE M BHD,
CHRISTINE LEE OI KUAN,WESTPORTS M SDN BHD,
CHRISTOPHER JOHN WARMOTH,CARLSBERG BREWERY M BHD,
CHUA KOK CHING,MALAYSIA AIRPORTS HOLDINGS BHD,
CHUA SENG YONG,IGB CORPORATION BHD,0.06
CHUAH PHAIK SIM,HARTALEGA HOLDINGS BHD,
CHUNG HON CHEONG,TENAGA NASIONAL BHD,
CINDY TAN KEWI YONG,PAVILION REAL ESTATE INVESTMENT TRUST MANAGEMENT SDN BHD,
CLIFFORD FRANCIS HERBERT,AMMB HOLDINGS BHD,
CLIFFORD FRANCIS HERBERT,GENTING M BHD,
DANAPALAN T P VINGGRASALAM,TELEKOM M BHD,
DANARAJ NADARAJAH,HARTALEGA HOLDINGS BHD,
DANIEL YONG CHEN I,IGB CORPORATION BHD,
DANIEL YONG CHEN I,IGB REAL ESTATE INVESTMENT TRUST,0.02
DATU ABANG HALMI IKHWAN,BINTULUPORT HOLDINGS BHD,
DAVID CHARLES IAN HARDING ,MAGNUM BHD,0.264
DAVID FREDERICK WILSON,IJM CORPORATION BHD,0.003
DAVID GIACOMO BENELLO,TELEKOM M BHD,
DAVID LAU NAI PEK,AXIATA GROUP BHD,
DAVID LAU NAI PEK,MALAYSIAN AIRLINE SYSTEM BHD,
DAVID WONG CHIN HUAT,CAPITALAND MALAYSIA MALL TRUST ,
DESMOND LIM SIEW CHOON,PAVILION REAL ESTATE INVESTMENT TRUST MANAGEMENT SDN BHD,
DICKSON TAN YONG LOONG,BERJAYA CORPORATION BHD,
DICKSON TAN YONG LOONG,BERJAYA LAND BHD,
DICKSON TAN YONG LOONG,BERJAYA SPORTS TOTO BHD,
DOMINIQUE DE SORAS,MALAYSIA MARINE AND HEAVY ENGINEERING HOLDINGS BHD,
DONG SOO KIM,PETRONAS CHEMICALS GROUP BHD,
EDWARD CHONG SIN KIAT,IJM LAND BHD,
EDWARD LEE MING FOO,HAP SENG CONSOLIDATED BHD,
EDWARD MCSHANE,GUINNESS ANCHOR BHD,
ELEENA AZLAN SHAH,GAMUDA BHD,0.01
ELIZABETH TAN HUI NING,IGB REAL ESTATE INVESTMENT TRUST,0.02
ELVIN BERTY LUKE FERNANDEZ,SUNWAY REAL ESTATE INVESTMENT TRUST MANAGEMENT SDN BHD,0.03
ERRY RIYANA HARDJAPAMEKAS,MAYBANK BANKING BHD,
ESHAH MEOR SULEIMAN,MALAYSIA AIRPORTS HOLDINGS BHD,
ESHAH MEOR SULEIMAN,MALAYSIAN AIRLINE SYSTEM BHD,
ESHAH MEOR SULEIMAN,POS MALAYSIA BHD,
ESHAH MEOR SULEIMAN,TELEKOM M BHD,
ETSUKO ETO,AEON COMPANY M BHD,
FAHAD HUSSAIN S MUSHAYT,MAXIS BHD,
FAISAL SIRAJ,RHB CAPITAL BHD,
FAIZOULL AHMAD,MSM MALAYSIA HOLDINGS BHD,
FAM LEE EE,AIR ASIA X BHD,0.003
FAM LEE EE,AIRASIA BHD,
FATEH ISKANDAR MOHAMED MANSOR,MEDIA PRIMA BHD,
FATEH ISKANDAR MOHAMED MANSOR,TELEKOM M BHD,
FAUZIAH YAACOB,TELEKOM M BHD,
FAUZIAH YAACOB,LTAT,
FINA NORHIZAH BAHARU ZAMAN,UMW OIL AND GAS CORPORATION BHD,
FONG JOO CHUNG,BINTULUPORT HOLDINGS BHD,
FONG TSHU KWONG,SARAWAK OIL PALMS BHD,
FONG YOO KAW,SARAWAK OIL PALMS BHD,
FOO SWEE LENG,DUTCH LADY MILK INDUSTRIES BHD,
FOO WEI HOONG,CAPITALAND MALAYSIA MALL TRUST ,
FRANCIS TAN LEH KIAH,BOUSTEAD HOLDINGS BHD,
FRANCIS YEOH SOCK PING,YTL POWER INTERNATIONAL BHD,0.01
FREDDIE PANG HOCK CHENG,BERJAYA CORPORATION BHD,0.01
FREDDIE PANG HOCK CHENG,BERJAYA SPORTS TOTO BHD,0.03
FREEK RIJNA,DUTCH LADY MILK INDUSTRIES BHD,
FRITS VAN DIJK,NESTLE M BHD,0.0034
FUAD JAAFAR,TENAGA NASIONAL BHD,
GEE SIEW YOONG,SAPURAKENCANA PETROLEUM BHD,
GEE SIEW YOONG,TELEKOM M BHD,
GERALD RENTAP JABU,SARAWAK OIL PALMS BHD,
GHAZALI DARMAN,BURSA MALAYSIA,
GHAZALI MOHD ALI,BOUSTEAD HOLDINGS BHD,
GHAZI ISHAK,ORIENTAL HOLDINGS BHD,
GHAZZALI SHEIKH ABDUL KHALID,AXIATA GROUP BHD,
GILES PLANTE,AMMB HOLDINGS BHD,
GLENN MUHAMMAD SURYA YUSUF,CIMB GROUP HOLDINGS BHD,
GNANALINGAM GUNANATH LINGAM,WESTPORTS M SDN BHD,0.02
GOH CHYE KOON,IJM CORPORATION BHD,
GOH TIAN SUI,IJM LAND BHD,
GOON HENG WAH,GAMUDA BHD,0.61
GORDON KAB,DAYANG ENTERPRISE HOLDINGS BHD,0.0005
GRAHAM JAMES FEWKES,CARLSBERG BREWERY M BHD,
GUMURI HUSSAIN,MEDIA PRIMA BHD,
HA TIING TAI,GAMUDA BHD,0.79
HABIBAH ABDUL,KLCCP HOLDINGS BHD,
HABIBAH ABDUL,PETRONAS GAS BHD,
HADENAN A JALIL,MAYBANK BANKING BHD,
HAJJAH ROSNI  ZAHARI,MSM MALAYSIA HOLDINGS BHD,
HAKON BRUASET KJOL,DIGI DOT COM BHD,
HALIM DIN,IGB REAL ESTATE INVESTMENT TRUST,
HALIM SHAFIE,TELEKOM M BHD,
HALIPAH ESA,KLCCP HOLDINGS BHD,
HALIPAH ESA,MALAYSIA MARINE AND HEAVY ENGINEERING HOLDINGS BHD,
HALIPAH ESA,MISC BHD,
HAMAD KAMA PIAH CHE OTHMAN,SIME DARBY BHD,
HAMAD KAMA PIAH CHE OTHMAN,PNB,
HAMIDAH NAZIADIN,MAXIS BHD,
HAMIZAH ABIDIN,TELEKOM M BHD,
HAMZAH BAKAR,CIMB GROUP HOLDINGS BHD,
HAMZAH BAKAR,SAPURAKENCANA PETROLEUM BHD,0.08
HAMZAH HASAN,IJM CORPORATION BHD,
HANS ESSAADI,GUINNESS ANCHOR BHD,
HARI NARAYANAN GOVINDASAMY,SP SETIA BHD GROUP,
HARI NARAYANAN GOVINDASAMY,TENAGA NASIONAL BHD,
HARIS ONN HUSSEIN,SHANGRI LA HOTELS M BHD,
HARON SIRAJ,KULIM M BHD,
HARRY K MENON,MISC BHD,
HASBI SUHAILL,SARAWAK OIL PALMS BHD,
HASHIM ISMAIL,BINTULUPORT HOLDINGS BHD,
HASHIM WAHIR,KLCCP HOLDINGS BHD,
HASMAH ABDULLAH,UMW HOLDINGS BHD,
HASMI HASNAN,DAYANG ENTERPRISE HOLDINGS BHD,0.12
HASNI HARUN,GAS MALAYSIA BHD,
HASSAN ASSAD BASMA,BUMI ARMADA BHD,0.31
HENG HEYOK CHIANG,MALAYSIA MARINE AND HEAVY ENGINEERING HOLDINGS BHD,
HENRIK JUEL ANDERSON,CARLSBERG BREWERY M BHD,
HENRY SACKVILLE BARLOW,SIME DARBY BHD,
HIROYOSHI EKINAGA,AEON COMPANY M BHD,
HISASHI NAKAMURA,GAS MALAYSIA BHD,
HISHAM ZAINAL MOKHTAR,ASTRO M HOLDINGS BHD,
HO CHUNG KAIN,KECK SENG M BHD,
HO DUA TIAM,UNITED PLANTATIONS BHD,0.34
HO HAU CHIEH,NESTLE M BHD,
HO KIAN CHEONG,KECK SENG M BHD,6.85
HO KIAN GUAN,KECK SENG M BHD,6.75
HO KIAN HOCK,KECK SENG M BHD,6.91
HO WAI MING,TAN CHONG MOTOR HOLDINGS BHD,
HUBERT THIAN CHONG HUI,CAHYA MATA SARAWAK BHD,
HUI CHOON KIT,FRASER AND NEAVE HOLDINGS BHD,
IBRAHIM ABDULRAHMAN H KADI,MAXIS BHD,
IBRAHIM MAHALUDIN PUTEH,POS MALAYSIA BHD,
IBRAHIM MARSIDI,TELEKOM M BHD,
IBRAHIM MARSIDI,UMW OIL AND GAS CORPORATION BHD,
IBRAHIM TAIB,DRB HICOM BHD,
IDRUS ISMAIL,TELEKOM M BHD,
IGNATIUS CHAN TZE CHING,AFFIN HOLDINGS BHD,
IP SING CHI,WESTPORTS M SDN BHD,
ISHAK IMAM ABAS,KLCCP HOLDINGS BHD,
ISMAIL ADAM,BIMB HOLDINGS BHD,
ISMAIL ADAM,SP SETIA BHD GROUP,
ISMAIL ADAM,WESTPORTS M SDN BHD,0.01
ISMAIL FAROUK ABDULLAH,SHANGRI LA HOTELS M BHD,
ISMAIL SHAHUDIN,MAYBANK BANKING BHD,
ISMEE ISMAIL,BIMB HOLDINGS BHD,
ISMEE ISMAIL,FELDA GLOBAL VENTURES HOLDINGS BHD,
ISMEE ISMAIL,TABUNG HAJI,
IZAHAM ABD RANI,MAH SING GROUP BHD,
JAAFAR RIHAN,DIALOG GROUP BHD,
JALILAH BABA,FELDA GLOBAL VENTURES HOLDINGS BHD,
JALILAH BABA,QL RESOURCES BHD,
JALILAH BABA,RHB CAPITAL BHD,
JAMALLULDIN MD ALI ABDUL RAHMAN SULAIMAN,KULIM M BHD,
JAMALUDIN IBRAHIM,AXIATA GROUP BHD,0.08
JAMES RICHARD SUTTIE,BRITISH AMERICAN TOBACCO M BHD,
JASMY ISMAIL,MALAYSIA BUILDING SOCIETY BHD,
JASON LEOW JUAN THONG,CAPITALAND MALAYSIA MALL TRUST ,
JASWANT SINGH KLER,TSH RESOURCES BHD,
JAYANTHI NAIDU G DANASAMY,BERJAYA CORPORATION BHD,
JEAN CLAUDE BLOCK,LAFARGE M BHD,
JEANITA ANAK GAMANG,DAYANG ENTERPRISE HOLDINGS BHD,
JEFFREY CHEAH FOOK LING,SUNWAY BHD,4.47
JEFFREY CHEAH FOOK LING,SUNWAY REAL ESTATE INVESTMENT TRUST MANAGEMENT SDN BHD,5.54
JEFFREY NG TIONG LIP,SUNWAY REAL ESTATE INVESTMENT TRUST MANAGEMENT SDN BHD,
JEREMY DEREK CAMPBELL DIAMOND,UNITED PLANTATIONS BHD,0.01
JEREMY NASRULHAQ,MALAYSIA AIRPORTS HOLDINGS BHD,
JEYAKUMAR PALAKRISHNAR,WESTPORTS M SDN BHD,0.02
JOANNE LIEW WEI WOON ,AEON COMPANY M BHD,
JOE LING SIEW LOUNG,DAYANG ENTERPRISE HOLDINGS BHD,5.03
JOHAN ABDULLAH,BIMB HOLDINGS BHD,
JOHAN ARIFFIN,MAYBANK BANKING BHD,
JOHAN JAAFFAR,MEDIA PRIMA BHD,
JOHAN TAZRIN HAMID NGO,FRASER AND NEAVE HOLDINGS BHD,
JOHARI MAT,UNITED PLANTATIONS BHD,0.04
JOHN EDWARD WENHAM MEREDITH,WESTPORTS M SDN BHD,
JOHN FREIKSEN,SAPURAKENCANA PETROLEUM BHD,
JOHN SLOSAR,PURE CIRCLE ,
JORGEN BORNHOFT,FRASER AND NEAVE HOLDINGS BHD,
JORGEN BORNHOFT,HAP SENG CONSOLIDATED BHD,
JOSEPH TEK CHOON YEE,IJM PLANTATIONS BHD,
JUAN VILLALONGA NAVARRO,AXIATA GROUP BHD,
KAICHI YOKOYAMA,IHH HEALTHCARE BHD,
KALIMULLAH MASHEERUL HASSAN,AIR ASIA X BHD,4.27
KALSOM ABD RAHMAN,MISC BHD,
KAMARIYAH HAMDAN,DIALOG GROUP BHD,0.04
KAMARUDDIN NORDIN,TAN CHONG MOTOR HOLDINGS BHD,0.0008
KAMARUDIN MERANUN,AIR ASIA X BHD,0.07
KAMARUDIN MERANUN,AIRASIA BHD,7.14
KAMARUDIN ZAKARIA,PETRONAS CHEMICALS GROUP BHD,
KAMARUL ZAMAN MOHD ALI,GAMUDA BHD,0.01
KAMARUZZAMAN ABU KASSIM,KPJ HEALTHCARE BHD,
KAMARUZZAMAN ABU KASSIM,KULIM M BHD,
KAMRI RAMLEE,SARAWAK OIL PALMS BHD,
KANDAN KANAGAINTHIRAM,UEM SUNRISE BHD,
KAROWNAKARAN RAMASAMY,BURSA MALAYSIA,
KAROWNAKARAN RAMASAMY,IOI CORPORATION BHD,
KAZUHIRO KAKURA,AEON COMPANY M BHD,
KELLEE KAM CHEE KHIONG,RHB CAPITAL BHD,
KELVIN TAN AIK PEN,TSH RESOURCES BHD,11.92
KENICHI SUENAMI,AEON COMPANY M BHD,
KENJI HIRAMATSU,AEON COMPANY M BHD,
KENNETH SHEN,AXIATA GROUP BHD,
KEVIN HOW KOW,CAHYA MATA SARAWAK BHD,
KHALID AHMAD SULAIMAN,HONG LEONG CAPITAL BHD,
KHALID AHMAD SULAIMAN,HONG LEONG FINANCIAL GROUP BHD,
KHALID SUFAT,UMW HOLDINGS BHD,
KHOO ENG MIN,SHANGRI LA HOTELS M BHD,
KHOR CHAP JEN,SP SETIA BHD GROUP,
KHOR SWEE WAH,TAN CHONG MOTOR HOLDINGS BHD,1.46
KIM YOUNG SO,WESTPORTS M SDN BHD,0.01
KIYOSHI FUSHITANI,AIR ASIA X BHD,
KIYOTAKA TANAKA,AIR ASIA X BHD,
KOH EK CHONG,DAYANG ENTERPRISE HOLDINGS BHD,
KOH HONG SUN,GENTING M BHD,0.0002
KOJI ONISHI,ORIENTAL HOLDINGS BHD,
KOK CHIN LEONG,KPJ HEALTHCARE BHD,
KONG CHONG SOON,UOA DEVELOPMENT BHD,
KONG PAK LIM,UOA DEVELOPMENT BHD,
KOO SHAUNG YEN,MSM MALAYSIA HOLDINGS BHD,
KRISHNAN C K MENON,KLCCP HOLDINGS BHD,
KRISHNAN RAVI KUMAR,MAXIS BHD,
KRISHNAN TAN BOON SENG,IJM CORPORATION BHD,0.2
KRISHNAN TAN BOON SENG,IJM PLANTATIONS BHD,
KRISHNAN TAN BOON SENG,MALAYSIAN AIRLINE SYSTEM BHD,0.136
KRISHNAN TAN BOON SENG,IJM LAND BHD,
KUAN KAM HON,HARTALEGA HOLDINGS BHD,
KUAN MUN KENG,HARTALEGA HOLDINGS BHD,
KUAN MUN LEONG,HARTALEGA HOLDINGS BHD,
KUMARAN NOWURAM,NESTLE M BHD,
KUNG BENG HONG,ALLIANCE FINANCIAL GROUP BHD,
KUOK KHOON EAN,IHH HEALTHCARE BHD,0.003
KUOK OON KWONG,SHANGRI LA HOTELS M BHD,
KWEK LENG HAI,HONG LEONG BANK BHD,
KWEK LENG SAN,HONG LEONG BANK BHD,
KWOK KIAN HAI,KUALA LUMPUR KEPONG BHD,
LAI WAI KEEN,PUBLIC BANK BHD,
LAI WAN,PUBLIC BANK BHD,
LAI YEW HOCK DOMINIC,SARAWAK OIL PALMS BHD,
LARRY GAN NYAP LIOU,AMMB HOLDINGS BHD,
LAU YIN PIN,YTL POWER INTERNATIONAL BHD,0.0006
LAWRENCE LIM SWEE LIN,MAGNUM BHD,0.573
LE CHING TAI,IGB REAL ESTATE INVESTMENT TRUST,
LEE AH BOON,ALLIANCE FINANCIAL GROUP BHD,
LEE CHENG LEANG,IOI CORPORATION BHD,
LEE CHOO HECK,KOSSAN RUBBER INDUSTRIES BHD,
LEE HAU HIAN,BATU KAWAN BHD,0.15
LEE HAU HIAN,KUALA LUMPUR KEPONG BHD,
LEE HWEE LENG,KECK SENG M BHD,0.02
LEE KIM MEOW,TOP GLOVE CORPORATION BHD,0.07
LEE KONG LAM,PUBLIC BANK BHD,0.01
LEE KONG YIP,FRASER AND NEAVE HOLDINGS BHD,
LEE LAM THYE,MEDIA PRIMA BHD,
LEE LAM THYE,EPF,
LEE OI HIAN,BATU KAWAN BHD,0.21
LEE OI HIAN,KUALA LUMPUR KEPONG BHD,
LEE SHIN CHENG,IOI CORPORATION BHD,0.98
LEE SIEW TEE,AEON COMPANY M BHD,
LEE TECK YUEN,IJM CORPORATION BHD,0.1
LEE TECK YUEN,IJM LAND BHD,0.763
LEE TUCK FOOK,PAVILION REAL ESTATE INVESTMENT TRUST MANAGEMENT SDN BHD,
LEE WEE YONG,HAP SENG CONSOLIDATED BHD,
LEE YEOW CHOR,IOI CORPORATION BHD,0.13
LEE YEOW SENG,IOI CORPORATION BHD,0.01
LEO MOGGIE,TENAGA NASIONAL BHD,
LEONG CHIK WENG,UMW HOLDINGS BHD,
LEONG CHIK WENG,UMW OIL AND GAS CORPORATION BHD,
LEONG HOY KUM,MAH SING GROUP BHD,
LEONG KHEE SEONG,TSH RESOURCES BHD,
LEONG WY JOON,BERJAYA LAND BHD,
LEONG YUET MEI,MAH SING GROUP BHD,
LEUNG KOK KEONG,KULIM M BHD,
LIEW BEN POH,HARTALEGA HOLDINGS BHD,
LIEW KEE SIN,SP SETIA BHD GROUP,2.76
LIM BENG CHEE,CAPITALAND MALAYSIA MALL TRUST ,20
LIM BENG CHOON,HONG LEONG BANK BHD,
LIM BENG CHOON,MISC BHD,
LIM BENG CHOON,PETRONAS DAGANGAN BHD,
LIM BENG CHOON,PETRONAS GAS BHD,
LIM CHEONG GUAN,TOP GLOVE CORPORATION BHD,
LIM FOOK HIN,TSH RESOURCES BHD,0.12
LIM GHEE KEONG,ASTRO M HOLDINGS BHD,
LIM GHEE KEONG,BUMI ARMADA BHD,0.03
LIM HAN BOON,TOP GLOVE CORPORATION BHD,
LIM HAW KUANG,SIME DARBY BHD,
LIM HOOI SIN,TOP GLOVE CORPORATION BHD,1.6
LIM HUN SOON,IJM LAND BHD,
LIM HWA YU,POS MALAYSIA BHD,
LIM KEONG HUI,GENTING BHD,
LIM KEONG HUI,GENTING PLANTATIONS BHD,
LIM KIAN ONN,AIR ASIA X BHD,4.46
LIM KIU HOCK,MAH SING GROUP BHD,0.042
LIM KOK THAY,GENTING BHD,0.4355
LIM KOK THAY,GENTING M BHD,0.0448
LIM KOK THAY,GENTING PLANTATIONS BHD,0.0485
LIM KUANG SIA,KOSSAN RUBBER INDUSTRIES BHD,0.12
LIM KUANG WANG,KOSSAN RUBBER INDUSTRIES BHD,
LIM KUANG YONG,KOSSAN RUBBER INDUSTRIES BHD,
LIM KWA HWA,KOSSAN RUBBER INDUSTRIES BHD,
LIM LEAN SEE,HONG LEONG BANK BHD,
LIM LEAN SEE,HONG LEONG FINANCIAL GROUP BHD,
LIM LENG BUNG,KOSSAN RUBBER INDUSTRIES BHD,
LIM OOI CHOW,KOSSAN RUBBER INDUSTRIES BHD,
LIM SAY CHONG,CARLSBERG BREWERY M BHD,
LIM SIAU HING,KOSSAN RUBBER INDUSTRIES BHD,
LIM SIAU TIAN,KOSSAN RUBBER INDUSTRIES BHD,
LIM SOON HUAT,PPB GROUP BHD,
LIM SU TONG,ORIENTAL HOLDINGS BHD,0.48
LIM SWE GUAN,SUNWAY BHD,
LIM TAU KIEN,HONG LEONG FINANCIAL GROUP BHD,
LIM THEAN SHIANG,MSM MALAYSIA HOLDINGS BHD,
LIM TIAN HUAT,MALAYSIA BUILDING SOCIETY BHD,
LIM TIAN HUAT,UEM SUNRISE BHD,
LIM TUANG OOI,IOI CORPORATION BHD,
LIM WEE CHAI,TOP GLOVE CORPORATION BHD,28.86
LIN SEE YAN,GENTING BHD,0.012
LIN SEE YAN,IGB REAL ESTATE INVESTMENT TRUST,
LIN SEE YAN,TOP GLOVE CORPORATION BHD,
LIN YUN LING,GAMUDA BHD,2.97
LING CHIONG HO,SARAWAK OIL PALMS BHD,7.08
LING CHIONG SING,SARAWAK OIL PALMS BHD,
LING LU KUANG,SARAWAK OIL PALMS BHD,
LING SUK KIONG,DAYANG ENTERPRISE HOLDINGS BHD,9.31
LINGOU LONG,TAN CHONG MOTOR HOLDINGS BHD,
LOH CHENG YEAN,ORIENTAL HOLDINGS BHD,0.08
LOH EAN,ORIENTAL HOLDINGS BHD,0.03
LOH HANG PAI,UNITED PLANTATIONS BHD,0.01
LOH KIAN CHONG,ORIENTAL HOLDINGS BHD,0.0002
LOH KOK LEONG,MAH SING GROUP BHD,
LONG SEE WOOL,MALAYSIA AIRPORTS HOLDINGS BHD,
LOW PECK CHEN,CAPITALAND MALAYSIA MALL TRUST ,
LYDIA ANNE ABRAHAM,MEDIA PRIMA BHD,
M R GOPALA KRISHNAN,CARLSBERG BREWERY M BHD,
M RAMACHANAN V D NAIR,IJM PLANTATIONS BHD,
MAGOMET MALSAGOV,PURE CIRCLE ,
MAHAMAD FATHIL MAHMOOD,BUMI ARMADA BHD,0.03
MAHMOOD FAWZY MUHIYIDDIN,MALAYSIA AIRPORTS HOLDINGS BHD,
MAHMOOD FAWZY MUHIYIDDIN,SAPURAKENCANA PETROLEUM BHD,
MAHMOOD FAWZY MUHIYIDDIN,TELEKOM M BHD,
MAHMUD ABU BEKIR TAIB,CAHYA MATA SARAWAK BHD,8.64
MAIZAN SHAARI,BERJAYA LAND BHD,
MANHARLAL RATILAL,KLCCP HOLDINGS BHD,0.0003
MANHARLAL RATILAL,MISC BHD,
MARC SEILER,NESTLE M BHD,
MARIA MAT SAID,BIMB HOLDINGS BHD,
MARK DAVID WHELAN,AMMB HOLDINGS BHD,
MARK YEOH SEOK KAH,YTL CORPORATION BHD,0.04
MARK YEOH SEOK KAH,YTL POWER INTERNATIONAL BHD,0.11
MARTIN BEK NIELSEN,UNITED PLANTATIONS BHD,0.26
MARTIN GILES MANEN,GUINNESS ANCHOR BHD,
MARY GERALDINE PHIPPS,ORIENTAL HOLDINGS BHD,
MARZUKI MOHD NOOR,DRB HICOM BHD,
MAT NOOR NAWI,BINTULUPORT HOLDINGS BHD,
MAT NOOR NAWI,EPF,
MAT NOOR NAWI,KWAP,
MATHAVAN ARJUNAN,AEON COMPANY M BHD,
MAUREEN TOH SIEW GUAT,BUMI ARMADA BHD,
MAZNAH ABDUL JALIL,PAVILION REAL ESTATE INVESTMENT TRUST MANAGEMENT SDN BHD,
MD ALI MD DEWAL,UEM SUNRISE BHD,
MD NAIM NASIR,IJM LAND BHD,
MD NOR MD YUSOF,CIMB GROUP HOLDINGS BHD,0.005
MD NOR MD YUSOF,MALAYSIAN AIRLINE SYSTEM BHD,
MD NOR MD YUSOF,KHAZANAH,
MD TAP SALLEH,BURSA MALAYSIA,
MD YUSOF HUSSIN,LAFARGE M BHD,
MD YUSOFF JAAFAR,BERJAYA CORPORATION BHD,
MEGAT ABDUL RAHMAN MEGAT AHMAD,BOUSTEAD HOLDINGS BHD,
MEGAT DZIAUDDIN MEGAT MAHMUD,ALLIANCE FINANCIAL GROUP BHD,0.0002
MEGAT ZAHARUDDIN MEGAT MOHD NOR,MAYBANK BANKING BHD,
MEHMET ALI AYDINIAR,IHH HEALTHCARE BHD,1.27
MHD NORDIN MOHD NOR,DUTCH LADY MILK INDUSTRIES BHD,
MICHAEL TING KUOK NGIE,CAHYA MATA SARAWAK BHD,
MICHAEL YEOH SOCK SIONG,YTL CORPORATION BHD,0.19
MICHAEL YEOH SOCK SIONG,YTL POWER INTERNATIONAL BHD,0.11
MICHEL ROSE,LAFARGE M BHD,
MICHIEL EGELER,GUINNESS ANCHOR BHD,
MITSURU NAKATA,AEON COMPANY M BHD,0.002
MOHAIYANI SHAMSUDIN ,MAYBANK BANKING BHD,
MOHAMAD NASIR AB LATIF,UNITED PLANTATIONS BHD,
MOHAMAD NORZA ZAKARIA,BINTULUPORT HOLDINGS BHD,
MOHAMAD SALIM FATEH DIN,BRITISH AMERICAN TOBACCO M BHD,
MOHAMADON ABDULLAH,MALAYSIAN AIRLINE SYSTEM BHD,
MOHAMED DZAIDDIN ABDULLAH,BURSA MALAYSIA,0.02
MOHAMED JAWHAR,MEDIA PRIMA BHD,
MOHAMED KHADAR MERICAN,AIRASIA BHD,
MOHAMED KHADAR MERICAN,ASTRO M HOLDINGS BHD,
MOHAMED KHADAR MERICAN,RHB CAPITAL BHD,
MOHAMED NAZIM ABDUL RAZAK,HONG LEONG BANK BHD,
MOHAMED NAZIM ABDUL RAZAK,HONG LEONG CAPITAL BHD,
MOHAMED RASHDI MOHAMED GHAZALLI,SAPURAKENCANA PETROLEUM BHD,0.002
MOHAMED RAZEEK MH HUSSAIN MARICAR,POS MALAYSIA BHD,
MOHAMED SALEH GOMU,BERJAYA SPORTS TOTO BHD,
MOHAMED ZAKRI ABDUL RASHID,HARTALEGA HOLDINGS BHD,
MOHAMMAD MEDAN ABDULLAH,BINTULUPORT HOLDINGS BHD,
MOHAMMAD ZAINAL SHAARI,TENAGA NASIONAL BHD,
MOHAMMED CHE HUSSEIN,HAP SENG CONSOLIDATED BHD,
MOHAMMED HANIF OMAR,AMMB HOLDINGS BHD,
MOHAMMED HANIF OMAR,GENTING BHD,0.0246
MOHD BAKKE SALLEH,SIME DARBY BHD,
MOHD DIN JUSOH,GENTING PLANTATIONS BHD,
MOHD EMIR MAVANI ABDULLAH,FELDA GLOBAL VENTURES HOLDINGS BHD,
MOHD EMIR MAVANI ABDULLAH,MSM MALAYSIA HOLDINGS BHD,
MOHD FARID MOHD ADNAN,MISC BHD,
MOHD FARID MOHD ADNAN,PETRONAS DAGANGAN BHD,
MOHD GHAZALI CHE MAT ,BOUSTEAD HOLDINGS BHD,
MOHD HASNOL AYUB,EPF,
MOHD IBRAHIMNUDDIN MOHD YUNUS,PETRONAS DAGANGAN BHD,
MOHD IRWAN SERIGAR ABDULLAH,FELDA GLOBAL VENTURES HOLDINGS BHD,
MOHD IRWAN SERIGAR ABDULLAH,MALAYSIAN AIRLINE SYSTEM BHD,
MOHD IRWAN SERIGAR ABDULLAH,PNB,
MOHD IRWAN SERIGAR ABDULLAH,TABUNG HAJI,
MOHD IRWAN SERIGAR ABDULLAH,KWAP,
MOHD ISA ABDUL SAMAD,FELDA GLOBAL VENTURES HOLDINGS BHD,
MOHD ISA ABDUL SAMAD,MSM MALAYSIA HOLDINGS BHD,
MOHD IZANI GHANI,MALAYSIA AIRPORTS HOLDINGS BHD,
MOHD IZZADDIN IDRIS,UEM SUNRISE BHD,
MOHD KHALIL MOHD NOOR,IOI CORPORATION BHD,
MOHD KHAMIL JAMIL,DRB HICOM BHD,10
MOHD KHAMIL JAMIL,POS MALAYSIA BHD,
MOHD NASSER A M AL HUMAIDI,PAVILION REAL ESTATE INVESTMENT TRUST MANAGEMENT SDN BHD,
MOHD NAZLAN MOHD GHAZALI,MAYBANK BANKING BHD,
MOHD NIZAM ZAINORDIN,UMW HOLDINGS BHD,
MOHD OMAR MUSTAPHA,AIRASIA BHD,
MOHD RAFIK SHAH MOHAMAD,NESTLE M BHD,
MOHD RAMLI KUSHAIRI,GAMUDA BHD,0.002
MOHD SALLEH HARUN,MAYBANK BANKING BHD,
MOHD SHAHAR SIDEK,FRASER AND NEAVE HOLDINGS BHD,
MOHD SHAHAZWAN MOHD HARRIS,MALAYSIAN AIRLINE SYSTEM BHD,
MOHD SIDEK HASSAN,TOP GLOVE CORPORATION BHD,
MOHD SIDIK SHAIK OSMAN,MMC CORPORATION BHD,
MOHD ZAHIDI ZAINUDDIN,BINTULUPORT HOLDINGS BHD,
MOHD ZAHIDI ZAINUDDIN,CAHYA MATA SARAWAK BHD,
MOHD ZAHIDI ZAINUDDIN,GENTING M BHD,0.0002
MOHD ZAHIDI ZAINUDDIN,GENTING PLANTATIONS BHD,
MOHD ZAHIDI ZAINUDDIN ,AFFIN HOLDINGS BHD,
MOHD ZIN IDRIS,BIMB HOLDINGS BHD,
MOHMAD ISA HUSSAIN,POS MALAYSIA BHD,
MOHZANI ABDUL WAHAB,PAVILION REAL ESTATE INVESTMENT TRUST MANAGEMENT SDN BHD,
MOKHTAR SAMAD,KOSSAN RUBBER INDUSTRIES BHD,
MOKHZANI MAHATHIR,MAXIS BHD,0.01
MOKHZANI MAHATHIR,SAPURAKENCANA PETROLEUM BHD,0.16
MORTEN KARLSEN SORBY,DIGI DOT COM BHD,
MORTEN LUNDAL,MAXIS BHD,
MUHAMAD FUAD ABDULLAH,SIME DARBY BHD,
MUHAMMAD YUNUS,KECK SENG M BHD,
MUSTAFA MOHD ALI,AFFIN HOLDINGS BHD,
MUSTAFA MOHD ALI,BATU KAWAN BHD,
N SADASIVAN N N PILLAY,PETRONAS GAS BHD,
NAGAHISA OYAMA,AEON COMPANY M BHD,0.01
NAOKI HAYASHI,AEON COMPANY M BHD,
NASARUDIN MD IDRIS,BINTULUPORT HOLDINGS BHD,
NASARUDIN MD IDRIS,MALAYSIA MARINE AND HEAVY ENGINEERING HOLDINGS BHD,
NASARUDIN MD IDRIS,MISC BHD,
NASRUDDIN BAHARI,IJM LAND BHD,
NAVID CHAMDIA,PAVILION REAL ESTATE INVESTMENT TRUST MANAGEMENT SDN BHD,
NAZIR RAZAK,CIMB GROUP HOLDINGS BHD,0.58
NG CHIH KAYE,CAPITALAND MALAYSIA MALL TRUST ,
NG JUI SIA,FRASER AND NEAVE HOLDINGS BHD,
NG KEE LEEN,GAMUDA BHD,0.63
NG KOK SIONG,CAPITALAND MALAYSIA MALL TRUST ,20
NG MANN CHEONG,TAN CHONG MOTOR HOLDINGS BHD,
NG SING HWA,SUNWAY REAL ESTATE INVESTMENT TRUST MANAGEMENT SDN BHD,
NG SOOI LIN,BERJAYA LAND BHD,0.006
NG SOON LAI,SP SETIA BHD GROUP,
NG YEW KENG,KECK SENG M BHD,
NG YOKE KIAN,IJM CORPORATION BHD,
NG YOKE KIAN,IJM PLANTATIONS BHD,
NGAU BOON KEAT,DIALOG GROUP BHD,1.29
NGEOW VOON YEAN,SUNWAY REAL ESTATE INVESTMENT TRUST MANAGEMENT SDN BHD,
NGIAM PICK NGOH LINDA,GUINNESS ANCHOR BHD,
NIK HASHIM NIK YUSOFF,GENTING BHD,
NIK IBRAHIM KAMIL NIK AHMAD KAMIL,WESTPORTS M SDN BHD,0.03
NIK MOHAMED DIN NIK YUSOFF,RHB CAPITAL BHD,
NIK NOZRUL THANI NIK HASSAN THANI,FRASER AND NEAVE HOLDINGS BHD,
NIK NOZRUL THANI NIK HASSAN THANI,UMW HOLDINGS BHD,
NIK RIZAL KAMIL NIK IBRAHIM KAMIL,TELEKOM M BHD,
NIRMALAH THURAI,NESTLE M BHD,
NOOR EHSANUDDIN MOHD HARUN NARRASHID,MSM MALAYSIA HOLDINGS BHD,
NOOR FARIDA MOHD ARIFFIN,SP SETIA BHD GROUP,
NOORRIZAN SHAFIE,DRB HICOM BHD,
NORAZURA TADZIM,MALAYSIA AIRPORTS HOLDINGS BHD,
NORIZAH BAHARI,TENAGA NASIONAL BHD,
NUR JAZLAN MOHAMED,TSH RESOURCES BHD,
NUR QAMARINA CHEW ABDULLAH,AEON COMPANY M BHD,
NURAINI ISMAIL,PETRONAS DAGANGAN BHD,
OH CHONG PENG,ALLIANCE FINANCIAL GROUP BHD,
OH CHONG PENG,BRITISH AMERICAN TOBACCO M BHD,
OH CHONG PENG,DIALOG GROUP BHD,
OH KIM SUN,UEM SUNRISE BHD,
OH SIEW NAM,PPB GROUP BHD,0.01
OLIVIER MAES,PURE CIRCLE ,
OMAR SALIM,FELDA GLOBAL VENTURES HOLDINGS BHD,
OMER ABDULAZIZ H A AL MARWANI,PAVILION REAL ESTATE INVESTMENT TRUST MANAGEMENT SDN BHD,
ONG HOCK HENG,AEON COMPANY M BHD,
ONG HUNG HOCK,PPB GROUP BHD,
ONG IE CHEONG,DRB HICOM BHD,
ONG LEONG HUAT,BURSA MALAYSIA,
OOI AH HEONG,PAVILION REAL ESTATE INVESTMENT TRUST MANAGEMENT SDN BHD,
OOI TEIK HUAT,DRB HICOM BHD,
OOI TEIK HUAT,GAS MALAYSIA BHD,
OOI TEIK HUAT,MMC CORPORATION BHD,
OSMAN AHMAD,KECK SENG M BHD,0.43
OU SHIAN WAEI,ALLIANCE FINANCIAL GROUP BHD,
PATRICK HARTLESS,NESTLE M BHD,
PAUL SELWAY SWIFT,PURE CIRCLE ,
PAULINE TAN SUAT MING,IGB CORPORATION BHD,0.07
PETER LAI HOCK MENG,PURE CIRCLE ,
PETER TAY BUAN HUAT,CAPITALAND MALAYSIA MALL TRUST ,20
PETER YUEN WAI HUNG,AFFIN HOLDINGS BHD,
PHILIP SUTTON COX,UEM SUNRISE BHD,
POH YING LOO,AEON COMPANY M BHD,0.01
POLIT HAMZAH,DAYANG ENTERPRISE HOLDINGS BHD,0.03
PRAGASA MOORTHI KRISHNASAMY,KLCCP HOLDINGS BHD,
PRAMOD KUMAR KARUNAKARAN,PETRONAS GAS BHD,
PURUSHOTHAMAN KUMARAN,IJM PLANTATIONS BHD,0.001
PUSHPANATHAN S A KANAGARAYAR,IJM CORPORATION BHD,
PUSHPANATHAN S A KANAGARAYAR,IJM PLANTATIONS BHD,
PUTEH RUKIAH ABD MAJID,GAS MALAYSIA BHD,
PUTEH RUKIAH ABD MAJID,POS MALAYSIA BHD,
QUAH CHEK TIN,BATU KAWAN BHD,
QUAH CHEK TIN,GENTING M BHD,0.0001
QUAH CHEK TIN,GENTING PLANTATIONS BHD,
QUAH POH KEAT,IOI CORPORATION BHD,
QUAH POH KEAT,LPI CAPITAL BHD,
QUEK KON SEAN,HONG LEONG BANK BHD,
QUEK KON SEAN,HONG LEONG CAPITAL BHD,
QUEK KON SEAN,HONG LEONG FINANCIAL GROUP BHD,
QUEK LENG CHAN,HONG LEONG BANK BHD,64.52
QUEK LENG CHAN,HONG LEONG CAPITAL BHD,
QUEK LENG CHAN,HONG LEONG FINANCIAL GROUP BHD,0.47
QUEK PEI LYNN,IHH HEALTHCARE BHD,
R NADARAJAN,UNITED PLANTATIONS BHD,
R THILLAINATHAN,GENTING BHD,0.0116
R THILLAINATHAN,PETRONAS DAGANGAN BHD,
RADZUAN A RAHMAN,KULIM M BHD,
RAFIAH SALIM,NESTLE M BHD,
RAFIDAH AZIZ,AIR ASIA X BHD,0.42
RAHUL JOHN COLACO,DUTCH LADY MILK INDUSTRIES BHD,
RAINER ALTHOFF,TOP GLOVE CORPORATION BHD,
RAJALINGAM SUBRAMANIAM,MALAYSIA MARINE AND HEAVY ENGINEERING HOLDINGS BHD,
RAMLAN ABDUL MALEK,SAPURAKENCANA PETROLEUM BHD,
RASHIDAH ALIAS,PETRONAS CHEMICALS GROUP BHD,
RAVINDER KAUR MAHAN SINGH,MALAYSIA BUILDING SOCIETY BHD,
RAYVIN TAN YEONG SHEIK,BERJAYA CORPORATION BHD,0.04
RAZALEE AMIN,UMW OIL AND GAS CORPORATION BHD,
RAZMAN MD HASHIM CHE DIN MD HASHIM,BERJAYA LAND BHD,
RAZMAN MD HASHIM CHE DIN MD HASHIM,SUNWAY BHD,0.06
RICHARD ALEXANDER JOHN CURTIS,CAHYA MATA SARAWAK BHD,
RIFINA MD ARIFF,BIMB HOLDINGS BHD,
RM ALIAS,BATU KAWAN BHD,
RM ALIAS,KUALA LUMPUR KEPONG BHD,
ROBERT AARON MILTON,AIRASIA BHD,0.004
ROBERT CHEIM DAU MANG,CIMB GROUP HOLDINGS BHD,0.002
ROBERT TAN CHUNG MENG,IGB CORPORATION BHD,0.29
ROBERT TAN CHUNG MENG,IGB REAL ESTATE INVESTMENT TRUST,0.21
ROBERT WILLIAM BOYLE,MAXIS BHD,0.001
ROBERT WONG LUM KONG,ORIENTAL HOLDINGS BHD,0.03
ROBERT YONG KUEN LOKE,BERJAYA CORPORATION BHD,0.02
ROBERT YONG KUEN LOKE,BERJAYA LAND BHD,0.01
ROBERT YONG KUEN LOKE,BERJAYA SPORTS TOTO BHD,0.01
ROBIN TAN YEONG CHING,BERJAYA CORPORATION BHD,0.05
ROBIN TAN YEONG CHING,BERJAYA SPORTS TOTO BHD,0.06
ROHAIZAD DARUS,UMW OIL AND GAS CORPORATION BHD,
ROHANA MAHMOOD,AMMB HOLDINGS BHD,
ROHANA ROZHAN,ASTRO M HOLDINGS BHD,
ROHAYA MOHAMMAD YUSOF,UMW HOLDINGS BHD,
ROLAND ARTHUR LAWRENCE,CARLSBERG BREWERY M BHD,
ROSLI  ABDULLAH,CAPITALAND MALAYSIA MALL TRUST ,
ROSLI ABDULLAH ,MALAYSIA AIRPORTS HOLDINGS BHD,
ROSLI BONI,PETRONAS GAS BHD,
ROSNAH OMAR,AFFIN HOLDINGS BHD,
ROSSANA ANNIZAH AHMAD RASHID,IHH HEALTHCARE BHD,
ROSTHMAN IBRAHIM,GAS MALAYSIA BHD,
ROY LIM KIAM CHYE,KUALA LUMPUR KEPONG BHD,
ROZAIDA OMAR,BIMB HOLDINGS BHD,
ROZAN MOHD SAAT,KULIM M BHD,
ROZINA MOHD AMIN,SHANGRI LA HOTELS M BHD,
RUBEN EMIR GNANALINGAM ABDULLAH,WESTPORTS M SDN BHD,
SABARINA LAILA MOHD HASHIM,MALAYSIA AIRPORTS HOLDINGS BHD,
SABRI AHMAD,FELDA GLOBAL VENTURES HOLDINGS BHD,
SADIAH SHEIK BAKIR,KPJ HEALTHCARE BHD,
SAIF MOHD A M AL MADFAA,PAVILION REAL ESTATE INVESTMENT TRUST MANAGEMENT SDN BHD,
SAIFUL AZNIR SHAHABUDIN,BUMI ARMADA BHD,0.02
SAIFUL BAHRI ZAINUDDIN,BURSA MALAYSIA,
SALIH AMARAN JAMIAAN,BIMB HOLDINGS BHD,
SAMAD AHMAD,MSM MALAYSIA HOLDINGS BHD,
SAMSUDIN  OSMAN,EPF,
SAMSUDIN OSMAN,BIMB HOLDINGS BHD,
SAMSUDIN OSMAN,SIME DARBY BHD,
SARENA CHEAH YEAN TIH,SUNWAY BHD,0.03
SARENA CHEAH YEAN TIH,SUNWAY REAL ESTATE INVESTMENT TRUST MANAGEMENT SDN BHD,
SATOSHI TANAKA,IHH HEALTHCARE BHD,
SAW CHOO BOON,DIGI DOT COM BHD,
SAW CHOO BOON,GUINNESS ANCHOR BHD,
SAW CHOO BOON,RHB CAPITAL BHD,
SAW CHOOI LEE,DUTCH LADY MILK INDUSTRIES BHD,
SAW EWE SENG,LAFARGE M BHD,
SAW KOK WEI,HONG LEONG FINANCIAL GROUP BHD,
SAW WAH THENG,GAMUDA BHD,0.02
SEKARAJASEKARAN ARASARATNAM,TOP GLOVE CORPORATION BHD,1.9
SEOW SWEE PIN,BERJAYA SPORTS TOTO BHD,0.01
SEOW THIAM FATT,TAN CHONG MOTOR HOLDINGS BHD,0.01
SHAHARUL REZZA HASSAN,BUMI ARMADA BHD,
SHAHNIZA ANOM ELIAS,MSM MALAYSIA HOLDINGS BHD,
SHAHRIL RIDZA RIDZUAN,FELDA GLOBAL VENTURES HOLDINGS BHD,
SHAHRIL RIDZA RIDZUAN,MALAYSIA BUILDING SOCIETY BHD,
SHAHRIL RIDZA RIDZUAN,MEDIA PRIMA BHD,
SHAHRIL RIDZA RIDZUAN,EPF,
SHAHRIL SHAMSUDDIN,SAPURAKENCANA PETROLEUM BHD,0.13
SHAHRIMAN SHAMSUDDIN,SAPURAKENCANA PETROLEUM BHD,0.01
SHARIFAH INTAN S M AIDID,ORIENTAL HOLDINGS BHD,0.003
SHARON LIM HWEE LI ,CAPITALAND MALAYSIA MALL TRUST ,20
SHAYNE CARY ELLIOTT,AMMB HOLDINGS BHD,
SHAZALI SHAHRANI,GAS MALAYSIA BHD,
SHEIKH AWAB SHEIKH ABOD,MSM MALAYSIA HOLDINGS BHD,
SHERANJIV SAMMANTHAN,UEM SUNRISE BHD,
SHIGERU MURAKI,GAS MALAYSIA BHD,
SIEW KAH TOONG,TAN CHONG MOTOR HOLDINGS BHD,
SIGIT PRASETYA,MAGNUM BHD,
SIGVE BREKKE,DIGI DOT COM BHD,
SIMON HO CHEE HWEE,CAPITALAND MALAYSIA MALL TRUST ,
SIMON SHIM KONG YIP,HAP SENG CONSOLIDATED BHD,
SIOBHAN MARY HAMILTON,GUINNESS ANCHOR BHD,
SIOW KIM LUN,UMW HOLDINGS BHD,
SIOW KIM LUN,KWAP,
SITI KHAIRON SHARIFF,DIALOG GROUP BHD,
SITI NORMA YAAKOB,TENAGA NASIONAL BHD,
SITI SADIAH BAKIR ,KULIM M BHD,
SNG SEOW WAH,ALLIANCE FINANCIAL GROUP BHD,0.02
SOAM HENG CHOON,IJM CORPORATION BHD,0.002
SOAM HENG CHOON,IJM LAND BHD,
SOH CHIN TECK,PPB GROUP BHD,
SOO KIM WAI,AMMB HOLDINGS BHD,
SOO KOK WONG,GAMUDA BHD,0.003
STEFANO CLINI,BRITISH AMERICAN TOBACCO M BHD,
STEPHEN GEH SIM WHYE,ALLIANCE FINANCIAL GROUP BHD,
STEVE LOW SHU NYOK,UOA DEVELOPMENT BHD,
STEVEN NG POH SENG,MAH SING GROUP BHD,0.035
SU SWEE HONG,BERJAYA LAND BHD,
SUBOH MD YASSIN,TSH RESOURCES BHD,
SUKARTI WAKIMAN,MALAYSIAN AIRLINE SYSTEM BHD,
SUKARTI WAKIMAN,EPF,
SUNNY VERGHESE,PURE CIRCLE ,
SUPPERAMANIAM MANICKAM,SHANGRI LA HOTELS M BHD,
SURIA AB RAHMAN,TENAGA NASIONAL BHD,
SURIN UPATKOON,MAGNUM BHD,
SUSEELAWATI OMAR,UEM SUNRISE BHD,
SUZANA IDAYU WATI OSMAN,MSM MALAYSIA HOLDINGS BHD,
SYED ABDUL JABBAR SYED HASSAN,MMC CORPORATION BHD,
SYED ABDULLAH SYED ABD KADIR,YTL CORPORATION BHD,0.0002
SYED ABDULLAH SYED ABD KADIR,YTL POWER INTERNATIONAL BHD,0.03
SYED ABU BAKAR S MOHSIN ALMOHDZAR,GAS MALAYSIA BHD,
SYED AHMAD HELMY SYED AHMAD,AEON COMPANY M BHD,
SYED ANWAR JAMALULLAIL,CAHYA MATA SARAWAK BHD,
SYED FAISAL ALBAR SYED A R ALBAR,GAS MALAYSIA BHD,
SYED FAISAL ALBAR SYED A R ALBAR,HONG LEONG BANK BHD,
SYED FAISAL ALBAR SYED A R ALBAR,POS MALAYSIA BHD,
SYED HISHAM SYED WAZIR,UMW HOLDINGS BHD,
SYED HISHAM SYED WAZIR,UMW OIL AND GAS CORPORATION BHD,
SYED MOHAMAD SYED MURTAZA,B HICOM BHD,
SYED MOHD FAREED  SHAIKH ALHABSHI,PAVILION REAL ESTATE INVESTMENT TRUST MANAGEMENT SDN BHD,
SYED MUHAMAD SYED ABDUL KADIR,BURSA MALAYSIA,
SYED MUHAMAD SYED ABDUL KADIR,CIMB GROUP HOLDINGS BHD,
SYED PUTRA JAMALULLAIL,FRASER AND NEAVE HOLDINGS BHD,
SYED SALLEH SYED OTHMAN,GUINNESS ANCHOR BHD,
SYED ZAID SYED JAFFAR ALBAR,MALAYSIA BUILDING SOCIETY BHD,
TAI CHANG ENG,KOSSAN RUBBER INDUSTRIES BHD,
TAJUDDIN ATAN,BURSA MALAYSIA,0.09
TAM CHIEW LIN,PPB GROUP BHD,0.0005
TAN AIK KIONG,TSH RESOURCES BHD,4.1
TAN AIK SIM,TSH RESOURCES BHD,3.95
TAN AIK YONG,TSH RESOURCES BHD,3.99
TAN BOON LEE,IGB CORPORATION BHD,0.25
TAN BOON LEE,IGB REAL ESTATE INVESTMENT TRUST,0.06
TAN BOON SENG,IGB CORPORATION BHD,
TAN BUN POO ROBERT,QL RESOURCES BHD,
TAN GHEE KIAT,HAP SENG CONSOLIDATED BHD,
TAN GUAN CHEONG,HARTALEGA HOLDINGS BHD,
TAN HENG CHEW,TAN CHONG MOTOR HOLDINGS BHD,4.13
TAN HUI JING,ORIENTAL HOLDINGS BHD,
TAN KAI SENG,IGB CORPORATION BHD,0.01
TAN KHENG HWEE,ORIENTAL HOLDINGS BHD,0.03
TAN KOK GUAN,LPI CAPITAL BHD,
TAN KONG CHANG,KOSSAN RUBBER INDUSTRIES BHD,
TAN KONG KHOON,HONG LEONG BANK BHD,
TAN LEI CHENG,IGB CORPORATION BHD,0.17
TAN LEI CHENG,IGB REAL ESTATE INVESTMENT TRUST,0.05
TAN LYE CHONG,GAS MALAYSIA BHD,
TAN SEE LENG,IHH HEALTHCARE BHD,0.23
TAN SIEW BEE,CAPITALAND MALAYSIA MALL TRUST ,20
TAN TAT WAI,MAYBANK BANKING BHD,
TAN TAT WAI,SHANGRI LA HOTELS M BHD,
TAN THIAM CHIA,BERJAYA LAND BHD,0.001
TAN YEE SENG,IGB CORPORATION BHD,
TAN YEE SENG,IGB REAL ESTATE INVESTMENT TRUST,0.02
TAN YEW JIN,SHANGRI LA HOTELS M BHD,
TAN YUEN FAH,ALLIANCE FINANCIAL GROUP BHD,
TANG TIONG ING,SARAWAK OIL PALMS BHD,0.01
TANG WING CHEW,PUBLIC BANK BHD,
TAY AH LEK,PUBLIC BANK BHD,0.17
TEE CHOON YEOW,LPI CAPITAL BHD,0.29
TEH HONG PIOW,LPI CAPITAL BHD,1.42
TEH HONG PIOW,PUBLIC BANK BHD,0.64
TEH KEAN MING,IJM CORPORATION BHD,0.007
TEH KEAN MING,IJM LAND BHD,
TEH KEAN MING,IJM PLANTATIONS BHD,0.005
TEH KIM TEH,QL RESOURCES BHD,
TEO CHIANG LIANG,RHB CAPITAL BHD,
TEO ENG SIONG,GENTING M BHD,0.0095
TEOW LEONG SENG,SP SETIA BHD GROUP,
TERENCE TEO CHEE SENG,UOA DEVELOPMENT BHD,
THAM LAI HENG,BERJAYA LAND BHD,
THOMAS MUN LUNG LEE,ALLIANCE FINANCIAL GROUP BHD,
THONG YAW HONG,BATU KAWAN BHD,
THONG YAW HONG,KUALA LUMPUR KEPONG BHD,
THONG YAW HONG,LPI CAPITAL BHD,0.2
THONG YAW HONG,PUBLIC BANK BHD,0.22
TINA CHAN LAI YIN,IGB CORPORATION BHD,
TONG SIEW BEE,TOP GLOVE CORPORATION BHD,2.23
TONG SIEW CHOO,KOSSAN RUBBER INDUSTRIES BHD,0.01
TONG SING ENG,FRASER AND NEAVE HOLDINGS BHD,
TONY TAN,IGB CORPORATION BHD,
TOO HING YEAP,KECK SENG M BHD,
TOR OLAV TROIM,SAPURAKENCANA PETROLEUM BHD,
TORE JOHNSEN,DIGI DOT COM BHD,
TOSHIHIRO OZAWA,AEON COMPANY M BHD,
TUANKU JAAFAR ,LAFARGE M BHD,
UZMA QAISER BUTT,NESTLE M BHD,
VIJEYARATNAM V THAMATHORAM PILLAY,MAGNUM BHD,0.099
VIMALA V R MENON,PETRONAS CHEMICALS GROUP BHD,
VIMALA V R MENON,PETRONAS DAGANGAN BHD,
VINCENT NG WEI CHYUN,AEON COMPANY M BHD,
VIVIENNE CHENG CHI FAN,BERJAYA CORPORATION BHD,0.0003
VOON TIN YOW,SP SETIA BHD GROUP,0.001
WAN ABDUL AZIN WAN ABDULLAH,PNB,
WAN ABDUL AZIZ WAN ABDULLAH,BINTULUPORT HOLDINGS BHD,
WAN ABDUL AZIZ WAN ABDULLAH,FELDA GLOBAL VENTURES HOLDINGS BHD,
WAN ABDUL AZIZ WAN ABDULLAH,MALAYSIA AIRPORTS HOLDINGS BHD,
WAN ABDUL AZIZ WAN ABDULLAH,SIME DARBY BHD,
WAN ABDUL RAHMAN WAN YAACOB,MMC CORPORATION BHD,
WAN KAMARUZAMAN WAN AHMAD,UMW HOLDINGS BHD,
WAN KAMARUZAMAN WAN AHMAD ,KWAP,
WAN MOHD ZAHID MOHD NOORDIN,SP SETIA BHD GROUP,
WAN MOHD ZAHID MOHD NOORDIN,SIME DARBY BHD,
WAN ZULKIFLEE WAN ARIFFIN,PETRONAS CHEMICALS GROUP BHD,
WAN ZULKIFLEE WAN ARIFFIN,PETRONAS DAGANGAN BHD,
WATANAN PETERSIK,CIMB GROUP HOLDINGS BHD,
WILLIAM MITCHELL,PURE CIRCLE ,
WILLLIAM H J CHENG,PARKSON HOLDINGS BHD,20.26
WILLY SHEE PING YAH,SUNWAY REAL ESTATE INVESTMENT TRUST MANAGEMENT SDN BHD,
WONG CHIN MUN,SUNWAY BHD,
WONG NGIE YONG,SARAWAK OIL PALMS BHD,0.0002
WONG PING ENG,DAYANG ENTERPRISE HOLDINGS BHD,
WONG PUAN WAH ,MAGNUM BHD,0.004
WONG SEE WAH,IJM PLANTATIONS BHD,
WONG SENG LEE,KULIM M BHD,
YAACOB  MAHMUD,AEON COMPANY M BHD,
YAACOB MAT ZAIN ,MAH SING GROUP BHD,
YAHAYA ADB JABAR,FELDA GLOBAL VENTURES HOLDINGS BHD,
YAHYA AWANG,KPJ HEALTHCARE BHD,
YAHYA ISMAIL,YTL CORPORATION BHD,0.01
YAHYA ISMAIL,YTL POWER INTERNATIONAL BHD,0.004
YAM KONG CHOY,MALAYSIA AIRPORTS HOLDINGS BHD,
YAM KONG CHOY,SUNWAY BHD,0.003
YANTI IRWANI ABU HASSAN,GAS MALAYSIA BHD,
YAP YIN KEE,NESTLE M BHD,
YASLI MOHAMED YUSOFF,AIR ASIA X BHD,0.42
YASMIN ALADAD KHAN,DIGI DOT COM BHD,
YASUSHI SAKAKIBARA,GAS MALAYSIA BHD,
YEE YANG CHIEN,MALAYSIA MARINE AND HEAVY ENGINEERING HOLDINGS BHD,
YEOH CHIN KEE,LPI CAPITAL BHD,0.08
YEOH CHIN KEE,PUBLIC BANK BHD,0.003
YEOH CHONG SWEE,IGB CORPORATION BHD,
YEOH ENG KHOON,BATU KAWAN BHD,0.08
YEOH ENG KHOON,KUALA LUMPUR KEPONG BHD,
YEOH SEOK HONG,YTL CORPORATION BHD,0.23
YEOH SEOK HONG,YTL POWER INTERNATIONAL BHD,0.39
YEOH SEOK KIAN,YTL CORPORATION BHD,0.05
YEOH SEOK KIAN,YTL POWER INTERNATIONAL BHD,0.09
YEOH SOO KENG,YTL CORPORATION BHD,0.01
YEOH SOO KENG,YTL POWER INTERNATIONAL BHD,0.12
YEOH SOO MIN,YTL CORPORATION BHD,0.01
YEOH SOO MIN,YTL POWER INTERNATIONAL BHD,0.18
YEOH TIONG LAY,YTL CORPORATION BHD,48.65
YEOH TIONG LAY,YTL CORPORATION BHD,49.08
YEOH TIONG LAY,YTL POWER INTERNATIONAL BHD,0.29
YEOW KHENG CHEW,SAPURAKENCANA PETROLEUM BHD,0.37
YEOW TECK CHAI,PARKSON HOLDINGS BHD,
YONG NYAN CHOI,MALAYSIA MARINE AND HEAVY ENGINEERING HOLDINGS BHD,
YONG POH KON,NESTLE M BHD,
YONG POH KON,EPF,
YOONG FOOK NGIAN,KPJ HEALTHCARE BHD,0.04
YOSHIHIRO KAYA,AEON COMPANY M BHD,
YUKIYO KOMATSU,AEON COMPANY M BHD,
YUNUS KAMARUDDIN,KECK SENG M BHD,
YUSA HASSAN,GAS MALAYSIA BHD,
YUSA HASSAN,PETRONAS GAS BHD,
YUSLI MOHAMED YUSOFF,WESTPORTS M SDN BHD,0.03
YUSOF AHMAD SHAHRUDDIN,DAYANG ENTERPRISE HOLDINGS BHD,7.99
YUSOF BASIRAN,SIME DARBY BHD,
YVONNE CHIA,ASTRO M HOLDINGS BHD,
ZAILNUL ARIFF HUSSAIN,GAMUDA BHD,0.01
ZAINAB MOHAMED,PARKSON HOLDINGS BHD,
ZAINAB MOHD SALLEH,DIALOG GROUP BHD,0.1
ZAINAH MUSTAFA,KPJ HEALTHCARE BHD,
ZAINAL ABIDIN  JAMAL,SP SETIA BHD GROUP,
ZAINAL ABIDIN JAMAL,MAYBANK BANKING BHD,
ZAINAL ABIDIN PUTIH,CIMB GROUP HOLDINGS BHD,0.001
ZAINAL ABIDIN PUTIH,DUTCH LADY MILK INDUSTRIES BHD,
ZAINAL ABIDIN PUTIH,TENAGA NASIONAL BHD,
ZAINAL ISMAIL,MSM MALAYSIA HOLDINGS BHD,
ZAINAL RASHID MAHMOOD,QL RESOURCES BHD,0.32
ZAINOL ANWAR JAMALULLAIL,NESTLE M BHD,
ZAINUL ABIDIN AHMAD,GAS MALAYSIA BHD,
ZAINUN AISHAH AHMAD,BRITISH AMERICAN TOBACCO M BHD,
ZAINUN NUR ABDUL RAUF,NESTLE M BHD,
ZAITON AHMAD,TELEKOM M BHD,
ZAITON MOHD HASSAN,BIMB HOLDINGS BHD,
ZAITON MOHD HASSAN,SIME DARBY BHD,
ZAKARIA KASAH,BINTULUPORT HOLDINGS BHD,
ZAKI AZMI,ASTRO M HOLDINGS BHD,
ZAKI AZMI,SP SETIA BHD GROUP,
ZALEKHA HASSAN,MALAYSIA AIRPORTS HOLDINGS BHD,
ZALEKHA HASSAN,TELEKOM M BHD,
ZAMZAMZAIRANI MOHD ISA,TELEKOM M BHD,
ZULKIFLI IBRAHIM,KPJ HEALTHCARE BHD,
ZULKIFLI IBRAHIM,KULIM M BHD,
ZURAINAH MUSA,BERJAYA CORPORATION BHD,
